p_mois,p_vol,p_ash,p_car,p_sul,u_hyd
31.71,28.19,17.27,22.83,1.88,6
32.07,28.53,15.84,23.57,1.96,6.07
32.15,28.25,17.32,22.28,1.87,6.05
31.34,28.8,16.03,23.83,1.85,6.03
31.61,28.66,16.5,23.23,2.01,6.02
30.98,29.46,16.87,22.7,1.89,6.02
31.97,29.03,18.33,20.67,2.22,5.96
31.79,29.05,18.15,21.02,2.23,5.9
32.12,29.15,18.24,20.49,2.22,6.01
32.16,28.69,18.27,20.87,2.26,6
32.31,29.13,17.31,21.25,2.32,6.06
33.16,28.83,16.86,21.14,2.29,6.14
33.29,28.55,17.55,20.62,2.37,6.12
32.81,29.52,16.5,21.18,2.21,6.11
30.33,29.17,19.41,21.1,1.89,5.87
30.03,29.25,19.48,21.24,1.88,5.81
30.35,29.12,20.8,19.73,1.86,5.83
30.71,28.91,17.74,22.64,2.19,5.93
30.73,28.99,18.21,22.07,2.22,5.9
30.41,29.02,18.42,22.16,2.21,5.84
30.88,28.09,21.08,19.97,2.1,5.75
29.26,30.05,22.81,17.89,2.48,5.65
33.67,29.27,18.07,18.99,2.29,5.91
33.47,29.2,17.86,19.47,2.31,6.04
33.79,29.33,18.73,18.16,2.34,6.02
33.48,29.29,18.35,18.89,2.3,6.03
33.52,29.75,17.71,19.02,2.24,6.07
33.51,29.63,17.22,19.65,2.19,6.12
33.84,29.01,18.12,19.03,2.09,6.08
32.47,28.7,18.2,20.64,2.25,5.98
33.11,28.43,18.18,20.28,2.22,6
32.78,28.63,18.79,19.8,2.21,5.94
34.4,28.32,17.97,19.31,2.26,6.09
32.3,28.41,20.62,18.67,2.23,5.85
32.64,28.6,19.63,19.13,2.19,5.91
32.23,28.61,20.16,19,2.21,5.87
31.55,28.49,21.07,18.89,2.37,5.76
32.22,27.88,20.92,18.98,2.29,5.82
31.99,28.19,21.51,18.31,2.23,5.79
31.97,28.1,21.69,18.24,2.27,5.77
32.21,28.49,21.15,18.15,2.38,5.84
35.59,27.76,17.28,19.38,2.4,6.16
35.52,27.82,16.78,19.88,2.34,6.17
34.74,27.98,17.9,19.38,2.37,6.05
33.14,28.89,18.26,19.71,2.37,5.92
33.03,28.93,18.84,19.19,2.43,5.89
33.35,28.58,19.93,18.14,2.33,5.9
29.72,28.95,24.37,16.96,2.8,5.49
35.22,27.47,19.34,17.97,2.46,6.01
34.59,28.15,17.76,19.5,2.4,6.01
33.36,29.07,15.59,21.98,2.01,6.08
33.21,28.55,18.98,19.26,2.32,5.9
33.18,28.88,15.19,22.75,1.89,6.11
35.86,28.38,15.16,20.6,1.94,6.29
32.19,29.65,15.35,22.81,1.94,6.04
33.54,29.04,14.98,22.45,1.88,6.16
33.24,28.99,15.68,22.09,1.91,6.13
38.79,26.54,16,18.67,1.65,6.41
33.79,28.83,15.89,21.48,1.88,6.12
34.19,28.59,15.33,21.89,1.85,6.17
34.63,27.79,16.88,20.71,2,6.11
33.33,28.89,16.71,21.07,1.94,6.04
33.16,29.08,17.08,20.68,1.99,5.97
32.17,28.87,17.75,21.22,2.09,5.88
32.46,28.97,17.51,21.06,2.05,5.93
29.45,30.35,17.24,22.97,1.94,5.8
31.7,28.91,17.55,21.84,2.38,5.91
35.58,28.25,15.56,20.61,2.43,6.22
34.76,28.7,15.97,20.58,2.37,6.13
35.17,28.37,16.36,20.11,2.4,6.14
33.69,29.09,16.88,20.34,2.35,6.01
35.41,28.88,15.83,19.89,2.3,6.18
32.88,28.96,17.37,20.79,2.25,5.92
34.25,28.14,17.29,20.32,2.46,6.13
29.74,29.58,19.92,20.76,2.07,5.68
34.45,29.5,15.7,20.36,2.21,6.1
32.31,30.29,16.94,20.47,2.08,5.87
31.94,30.26,17.35,20.45,2.27,5.84
33.53,29.48,17.11,19.88,2.28,5.97
33.02,29.7,17.58,19.7,2.31,5.91
31.85,30.54,16.83,20.79,2.25,5.91
32.28,30.25,16.36,21.11,2.42,5.97
32.44,30.08,17.94,19.54,2.38,5.91
31.44,30.25,17.55,20.75,2.57,5.86
32.6,29.55,17.52,20.33,2.42,6
30.48,31.12,19.97,18.44,2.48,5.72
31.15,30.78,18.42,19.65,2.54,5.85
33.34,29.5,15.78,21.38,2.31,6.12
35.13,29.14,14.43,21.3,2.19,6.34
34.96,29.9,14.18,20.96,2.34,6.36
37.01,27.63,14.88,20.5,2.27,6.41
35.57,28.67,14.75,21,2.31,6.34
